name,AVG(avg_fill_ratio)
Westermeyer - Paul Vaillant-Couturier,1.504896293111017
BNF - Bibliothèque Nationale de France,1.3132624347948025
Madeleine Vionnet,1.2780546121705119
Place Balard,1.2316582456629088
Bercy - Villot,1.2154685583964153
Enfants du Paradis - Peupliers,1.1627015445116728
Quai du Président Roosevelt - Pont Aval,0.9669453720652824
Bercy.,0.9396880980036953
Guynemer - Séverine,0.9369225174059898
Esplanade du Foncet - Camille Desmoulins,0.9339544563730554
Quai Panhard et Levassor,0.9321692728285865
Bruneseau - Quai d'Ivry,0.9309438239629535
Maison de Radio - France,0.9304258754103321
Place Marcel Sembat,0.9259946226796344
Ventadour - Opéra,0.9253575872721604
Regnault - Patay,0.9248144057386317
Jean de la Fontaine - Boulainvilliers,0.9217007380262507
Charlot - Stade Gabriel Voisin,0.9207319953626378
Gare RER - Maurice Grandcoing,0.919961390455627
Pyramide - Ecole du Breuil,0.9183411405013366
Saint-Augustin,0.9178850460700835
Quai Jules Guesde - Saint-Simon,0.9176765689248287
Favart - Italiens,0.9165546397115265
Choiseul - Quatre Septembre,0.9133108680481146
Malesherbes - Place de la Madeleine,0.9121952039749489
Taitbout - La Fayette,0.9117545145494069
François 1er - Montaigne,0.9084951149358464
Pau Casals - Neuve Tolbiac,0.9063957357685165
Primo Levi - Frigos,0.9054903074731242
Chevaleret - Louise Weiss,0.905320401405568
Liberté - Vert-de-Maisons,0.9026588520440912
Laffitte - Italiens,0.9021847696622706
Roquépine - Malesherbes,0.9015138262983424
Fief - République,0.8980130058011273
Terroirs de France - Lheureux,0.8961934736434708
Place de la Reine Astrid,0.8955996635070969
Victoire - Laffitte,0.895385601616825
Quai Marcel Boyer - Victor Hugo,0.8950270368713215
Président Roosevelt - Rouget de Lisle,0.8945343711766197
Boudreau - Auber,0.8944288320681224
Proudhon - Président Wilson,0.8923352339355701
Place du Moulin de Javel,0.8921678443675275
Mathurins - Auber,0.8919413042448839
Leredde - Tolbiac,0.8905896852073357
Place de la Madeleine - Royale,0.8904697494846443
Grenelle - Dr Finlay,0.8852451272238971
Place Fernand Forest,0.8848981403083267
Champs de Manoeuvre - Cartoucherie,0.8820459312251546
Chemin de Bretagne,0.8819153652657751
Vivienne - Montmartre,0.8794615669579934
Edouard Vaillant - Paul-Adolphe Souriau,0.8793882772959637
Parvis Corentin Celton,0.8790497782277702
Gare de Lyon - Van Gogh,0.8781216391786452
Fédération - Suffren,0.8754804574052548
Rome - Provence,0.8746073198572734
Quai de la Gare - Pont de Bercy,0.8740831721351245
Cambon - Rivoli,0.8735139275334869
François 1er - Lincoln,0.872960659484391
Route de Sèvres - Porte de Bagatelle,0.8709150315992434
Villersexel - Saint-Germain,0.8701398735296004
Gare RER - Malleret-Joinville,0.8685276322102855
Mairie du 2ème,0.8683970232525273
Halle Freyssinet - Parvis Alan Turing,0.8682491884312332
Place Valhubert,0.8663450560794833
Rouget de Lisle,0.8657568823584451
Boutroux - Porte de Vitry,0.8625046782621973
Hôtel de Ville de Champigny sur Marne,0.8612637898178321
George V - Christophe Colomb,0.8607858808459002
Vincent Auriol - Louise Weiss,0.8592862167130695
Emeriau - Beaugrenelle,0.8585103355548119
Oratoire - Rivoli,0.8581932736469184
Parc Pierre Lagravère,0.8575145099097221
Paul Klee - Place Augusta Holmes,0.8571879396540422
Uzès - Montmartre,0.8569041738193962
Boétie - Ponthieu,0.8538872218930743
Chabanais - Petits Champs,0.8532854117911753
Place Lafayette,0.8525769765259102
Miromesnil - La Boétie,0.8517171006088865
Institut de France,0.8516996964781908
Danielle Casanova - Opéra,0.8508773708856101
M.- A. Lagroua Weill-Hallé -  F. Dolto,0.8506009943852104
Pont Neuf - Rivoli,0.8504566599824466
Rivoli - Musée du Louvre,0.8490889773299061
Saint-Marc - Feydeau,0.8485183369739292
Ranelagh - Maison de la Radio,0.8484735487074846
Gare de Bercy,0.8471977868834291
Kléber - Gouverneur Général Eboué,0.8436123235857604
Dupleix - du Guesclin,0.8431828182271544
Filles Saint-Thomas - Place de la Bourse,0.8423390060486319
Danielle Casanova - Place Vendôme,0.8419369691145379
Commandant Rivière,0.8418645245335448
Place Marcel Cachin,0.841808604375395
Place aux Étoiles,0.8417084135301572
Marceau - Chaillot,0.841513330833145
Bastille - Biscornet,0.8410824000168274
Lucien Bossoutrot - Général Martial Vallin,0.8409684949972996
Henry Farman,0.8381277158676758
Général Martial Valin - Pont du Garigliano,0.8379036064115236
Place Robert Guillemard,0.833630409917698
Rossini - Laffitte,0.8332914445938692
Lamennais - Washington,0.8332812170951024
Bienfaisance - Place de Narvik,0.8332282253859783
Daunou - Louis le Grand,0.832956734586529
Place de l'Insurrection d'Août 1944,0.8327560833440971
Nationale - Place Jules Guesde,0.8316295891079116
Place du Palais Royal,0.8283296059615052
Gare d'Austerlitz - Pont Charles de Gaulle,0.8265921934712507
Sèvres - Maréchal Juin,0.8254818532325788
Sèvres - Général Leclerc,0.8253538034296238
Coquillière - Louvre,0.8253278575368973
Mairie du 9ème,0.8252469268856857
Chaussée d'Antin - Haussmann,0.8252326865958646
Place du Canada,0.8238147455825208
Buffon - Jardin des Plantes,0.823460400876801
Saint-Honoré - 29 juillet,0.8230064377144894
Ecole Militaire - Place Joffre,0.8228654876410761
Alger - Rivoli,0.8223588194783632
Square Louis XVI,0.8223494835079899
Jean Mermoz - Champs-Elysées,0.8222166434068565
Rougemont - Poissonnière,0.8209308304410771
Place Ginette Hamelin,0.820795434148627
Le Corbusier - Jean Jaurès,0.819731878779444
Victoire - Chaussée d'Antin,0.8191245243620594
Institut du Monde Arabe - Saint-Germain,0.8187644230312484
Cléry - Montmartre,0.8181627164330562
Place Mongolfier,0.8148748710832703
Stéphanie Bouvard - Gambetta,0.8146980546353066
Louis le Grand - Italiens,0.8139815673035518
Gabriel Péri - Jules Ferry,0.8135268952435933
Balard - Montagne de la Fage,0.8114338402811904
Gare de Lyon - Chalon,0.8114175694652422
Caumartin - Provence,0.8109110620780685
Porte de Clichy - Place des Nations Unies,0.8105650855270092
Taitbout - Châteaudun,0.8094359405682214
Messine - Place Du Pérou,0.8088890734224706
Froment - Bréguet,0.8077321225879577
Beaux-Arts - Bonaparte,0.8073038871311418
Bercy - Traversiére,0.8067401465735679
Place Charles Michels,0.8066327956637316
Javel - André Citroën,0.8053609060189333
Place Farhat Hached,0.8051314541239462
Pont de Levallois-bécon,0.8044429154405257
Charonne - Faubourg Saint-Antoine,0.8041703366656142
Saint-Fiacre - Poissonière,0.8038622454567215
Quai Voltaire,0.8038546852046122
Gare RER,0.8037359756516078
Berri - Haussmann,0.803010846485837
Jean Jaurès - Reine,0.802498069230093
Hameau Fleuri - Marché,0.8015376036381449
Place des Victoires,0.8015163818624569
Fernand Braudel - Vincent Auriol,0.8014695832506025
Stade Auguste Delaune,0.8006945706831186
Quai de l'Horloge - Pont Neuf,0.7997011492300031
Turbigo - Réaumur,0.7996229132441731
Square Cambronne,0.7986209789786156
Gare de Lyon - Place Louis Armand,0.7982813190326105
Artois - Berri,0.7967958187507533
Jacques Callot - Mazarine,0.7962089174053737
Saint-Honoré - Musée du Louvre,0.7955739374545941
Place de l'Eglise - Vitry-sur-Seine,0.7955341844430125
Godot de Mauroy - Madeleine,0.79495315509293
Eugène Oudiné - Dessous Des Berges,0.794809876379285
Londres - Place d'Estienne d'Orves,0.7936489478254283
Hôpital Européen Georges Pompidou,0.7934565572792855
Turbigo - Française,0.7933630982956579
Jean Monnet - Iles,0.792747759641128
Ecole Vétérinaire,0.7921145388448729
Suffren - Champ de Mars,0.7920641916897689
Desaix - Edgar Faure,0.791665104928299
Chevaleret - Tolbiac,0.7903233146529881
Place André Malraux,0.7897879731593533
Beaubourg - Michel-le-Comte,0.7894531166518148
Quai de Sèvres - Manufacture Nationale,0.7884939625655807
Musée d'Orsay,0.7882488882078825
Victor Hugo - Magasins Généraux,0.7871080891537241
Place de la Bastille - Bourdon,0.7861134405603225
Richard Lenoir - Place de la Bastille,0.7849619001869053
Provence - Chaussée d'Antin,0.7845640862968661
Surcouf - Université,0.7819994021504442
Aristide Briand - Place de la Résistance,0.7802816815073265
Marceau - Président Wilson,0.7798613048427262
Archives - Rivoli,0.7789667749027687
Jean Jaurès - Paul Lafargue,0.7784662531771969
Faubourg Montmartre - La Fayette,0.7772319398132209
Gallieni - Lycée Charles Petitet,0.7758000502041315
Assemblée Nationale,0.7755352222713608
Georges V - François 1er,0.7738769182805385
Place du Docteur Yersin,0.7736573617113781
Lampes,0.7730990191377565
Cimetière de Boulogne-Billancourt,0.7729353957302619
Paul Vaillant Couturier - Chaptal,0.7727762686417218
Emeriau - Place de Brazzaville,0.7719971110425392
Place Jacques Madaule,0.7719396087763497
Place de la Montagne du Goulet,0.7718432503996631
Colonel Pierre Avia,0.7709343472987645
Perrault - Place du Louvre,0.7704935581875832
Cité Vaneau,0.7700717269832469
Pierre Charron - Champs-Elysées,0.7678316441413343
Bara - Henri Farman,0.7636323562034639
Wilson - Landy,0.7632632898148659
Bibliothèque Nationale - Richelieu,0.7627718719136006
Portugais - Kléber,0.761564289084518
Thérèse - Opéra,0.7610124930402524
Rond-Point Rhin et Danube,0.7608664447393679
Bruant - Vincent Auriol,0.7594692475615834
Rapp - Place du Général Gouraud,0.7589182953798066
Gabriel Lamé,0.7588460880352047
Saint-Benoît - Jacob,0.757975490409077
Ancienne Mairie - André Morizet,0.7576811871400473
Square Emile - Chautemps,0.7574655402009213
Tremblay - Lac des Minimes,0.756125215641164
Place de l'Europe - Quai de Bercy,0.7561083957442647
Senard - Charles Blum,0.75498692124688
Victor Hugo - Paul Eluard,0.7547816987799153
Octave Gréard - Tour Eiffel,0.7544690436583739
Marcel Monge - Marcel Dassault,0.7533638828848536
Jardin d'Acclimatation,0.7530892320772846
Redoute - Les Courtilles,0.7513981051188788
Montmartre - Etienne Marcel,0.7511589600768672
Cloître Saint-Merri - Renard,0.7496401997314965
Suzanne Masson,0.7488443096157191
Erasme - Ulm,0.7482473868116986
Bir Hakeim,0.7480350837728912
Les Juilliottes,0.747522106009626
Lobau - Hôtel de Ville,0.7472185337848581
Hôtel de Ville de Boulogne Billancourt,0.7468585097653434
Convention - Lourmel,0.7463105399405945
Gare de Lyon - Roland Barthes,0.7451490315849167
Jussieu - Fossés Saint-Bernard,0.7430690710666661
Halles - Bourdonnais,0.7424936116026412
Reims - Porte d'Asnières,0.7416307154164579
Charles de Gaulle - Louis Philippe,0.7414684521022132
Colmar - Victor Hugo,0.7413644482865126
Roquette - Thiéré,0.7408137742083978
Charles de Gaulle - Les Sablons,0.7394379271988606
Gare de Nanterre Ville,0.738630292551157
Mairie du 7ème,0.7376299047639857
Berthier - Porte de Clichy,0.7371009405522978
Square Claude Bernard,0.7366459947569144
Verdun - Place Henri IV,0.7357356939472381
Youri Gagarine - Commune de Paris,0.7343403810578402
Parc André Citroën,0.7341704050260188
Professeur René Leriche - Général Leclerc,0.7337164949242309
Camille Groult - Guy Môquet,0.7322103224853087
Greneta - Sebastopol,0.7313717781817561
Claude Debussy - Marc Bloch,0.7297306779241798
Voltaire - Anatole France,0.7286454486942907
Archives - Pastourelle,0.7275543258981135
Parc Suzanne Lenglen,0.7268812963220197
Richard Wallace - Place du 8 Mai 1945,0.7256137692402767
Bassano -  Iéna,0.7255683335045836
Parc Roger Salengro,0.7252796114401305
Square Victor Basch,0.7250504173160142
Arcole - Notre-Dame,0.7249403543471017
Ecoles - Carmes,0.7209046181610472
Quai des Célestins - Henri IV,0.7205341636588508
Bourdonnais - Tour Eiffel,0.7157359150427833
Réaumur - Montmartre,0.7151132147817203
François Truffaut - Saint Emilion,0.7150151499811516
Cauchy - Cévennes,0.7144495361422004
Sèvres-Gallieni,0.7139230615361171
Moscou - Edouard Vaillant,0.7123639634973352
Gare du Stade,0.7120835001945672
Crozatier - Faubourg Saint-Antoine,0.7114202494422173
Gare Routière de Saint Cloud,0.7105885906502617
Lisbonne - Monceau,0.7082657605182185
Varenne,0.707063664643006
Place Violet,0.706702545198771
Place Georges Guillaumin,0.7062712711147147
Geoffroy - Marie,0.7049035521950056
Gare - Aristide Briand,0.7042633258794768
Théophile Gautier - François Millet,0.7033238636392766
Bréguet - Sabin,0.6985288741250373
Ledru-Rollin - Charonne,0.6961777946796519
Jussieu - Guy de la Brosse,0.6952185191538752
Bastille - Quai de la Rapée,0.6940724913891334
Gare d'Asnières sur Seine,0.6932235313572046
Place de l'Europe - Alfortville,0.6924875899706275
La Motte-Picquet - Grenelle,0.692126408511707
Silly - Louis Blériot,0.6892789861594012
Hélène et François Missoffe - Emile Borel,0.6880106545390141
Jules Guesde - Alsace,0.6879397861770159
Pirogues de Bercy - Libourne,0.6875829868235337
Marché aux fleurs,0.6868936475766334
Pierre Joseph Desault,0.6865635755842328
Beffroy,0.6861251190398966
Traktir - Foch,0.6845827697931275
Dôme - République,0.6829049758286464
Balzac - Champs Elysées,0.6820865641153013
Petites Ecuries - Faubourg Saint-Denis,0.6804701450407534
Président Wilson - Baudin,0.6803129779793539
Lacuée - Lyon,0.6802285869497927
Convention - Campus de Bobigny,0.6795714171218452
Leroy des Barres - Médiathèque,0.6795118761194642
Pont De Charenton,0.6790146427086715
Paradis - Hauteville,0.6789877173883648
Saint Pères - Saint Germain,0.6788889218328777
Stade de France - Francis de Pressensé,0.6786277715896364
Saint-Denis - Rivoli,0.6772553094225445
Fille du Calvaire - Turenne,0.6771475397818433
Place du Cornillon - Stade de France,0.6762698451372013
Vaugirard - Verrerie,0.6737560110791649
Saint-Bon - Rivoli,0.6717683266253613
Censier - Jardin des Plantes,0.6690620723837762
Constantine - Université,0.6687556421486962
Place de l'Hôtel de Ville,0.6680664154071357
Gare Saint-Lazare - Cour du Havre,0.667730627985849
Jeûneurs - Mulhouse,0.6677276013166848
Arche - Léonard de Vinci,0.6674056316986936
Mahatma Gandhi,0.6673661566861082
Ségur - d'Estrées,0.6664762512211042
Suffren - Pérignon,0.663230163128775
Stade Pershing,0.6618586954368315
Croix Nivert - Square Saint-Lambert,0.6617850889735822
Enghien - Faubourg Poissonnière,0.6609421385171463
Place du Lieutenant Henri Karcher,0.6606280608993239
Place Paul Eluard,0.6594547377287316
Cours de l'Ile Seguin - Parc Billancourt,0.6592124198322199
Hauteville - Bonne Nouvelle,0.6580476813707773
Panthéon - Valette,0.6576793998373138
Les Blagis,0.6542533890983955
Waldeck Rochet - Germaine Tillon,0.653868799609651
Bachaumont - Montmartre,0.6538461624210228
Malakoff - Place de la Porte Maillot,0.6508575953550817
Place de la République - Temple,0.650099846034469
La Motte-Picquet - La Tour Maubourg,0.6495416278090875
Les Halles - Saint-Eustache,0.6493935476638898
Française - Etienne Marcel,0.6487862991343234
Gare de Clichy-Levallois,0.6474174837128566
Sebastopol - Rambuteau,0.6470042472518732
Transvaal - Charles de Gaulle,0.6469331854768144
Alfred de Vigny - Place du Général Brocard,0.6459871447731895
Dora Maar - Nadia Guendouz,0.6457455450011381
Gare Saint-Lazare - Isly,0.6455692110388048
Arsène Houssaye - Champs-Elysées,0.6453152801593194
Dom-Pérignon - Gravelle,0.6415290667075275
Jules Guesde - Pont du Port à l'Anglais,0.6413223951716096
Pierre Lefaucheux - Traversière,0.6406606576138151
Neuve Saint-Pierre - Beautreillis,0.6404655294040419
Petites Ecuries - Faubourg Poissonnière,0.6382496527129847
Anatole France - President Roosevelt,0.636109367223312
Saint-Lazare - Place d'Estienne d'Orves,0.6342031891850861
Porte de la Muette,0.6305722497974168
Pierre Sarrazin - Saint-Michel,0.6296205421446914
Jean Bouin - Gouverneur Général Eboué,0.6281676655471725
Mairie du 8ème,0.6274147615893482
Galilée - Vernet,0.6268653874184644
Wilson - Métallurgie,0.6267227418158042
Yves Farges - Route d'Enghien,0.6248223500637292
Carnot - Pâquerettes,0.6233251472772203
Lakanal - Commerce,0.6218093422994845
Joseph Sansboeuf - Saint Lazare,0.6214616553072209
Bosquet - Saint-Dominique,0.6164445374955967
Argenson - Château,0.6155444157161023
Place Alphonse Deville,0.6148034974457534
Palais des Sports,0.6136375047129532
Victoria - Place du Chatelet,0.6134526189791362
Marc Sangnier - Division Leclerc,0.6121417091404229
Saint-Germain - Thenard,0.610251208517083
Mairie d'Ivry-sur-Seine,0.6094023569866758
République - Louis Loucheur,0.6082482369247075
Jean-Jacques Rousseau - Deux Ecus,0.6073405295927553
Balzac - Olympes de Gouges,0.6063876108786588
Théâtre des Amandiers - Palais des sports,0.6059120265614413
Sénat - Condé,0.6038940694079549
Square Boucicaut,0.6034049775998731
Charles de Gaulle - Sablonville,0.6018702415389148
Madame de Sanzillon - Mozart,0.6004747886378532
Gare RER de Vincennes,0.6003076699630377
Victor Hugo - Ecoles,0.5998913918985793
Lagny - Joffre,0.5993490962500658
Centre Georges Pompidou,0.5983590828279817
Commerce - Letellier,0.596337003367943
Lourmel - Marie Skobtsov,0.5951141728279083
Saint-Antoine Sévigné,0.5942173777816174
Jean-Baptiste Charcot - Sainte-Geneviève,0.5939554760018361
Séminaire de Conflans - Liberté,0.5939147920509943
Belfort - Victor Hugo,0.5929694630723327
Paul Vaillant-Couturier - Victor Hugo,0.5928562679142466
Saint-Vincent - Verdun,0.5927496461353292
Sommerard - Saint-Jacques,0.5925391376062531
Estrapade - Ulm,0.5923253753926774
Porte de Saint Cloud - Parc des Princes,0.58898516774902
Mairie de Neuilly sur Seine,0.5881678328591983
Square René Viviani - Montebello,0.58809892580521
Cadet - La Fayette,0.5874551818058011
Porte Dorée,0.5864984287369942
Beaumarchais - Pas de la Mule,0.5824507029538936
Saint-Séverin - Saint-Michel,0.5811500500015013
Hippodrome Paris-Vincennes,0.5802883648327791
Bourg l'Abbé - Saint-Martin,0.5794011393527614
Dunois - Clisson,0.5789588161359867
Quatre Vents - Carrefour de l'Odéon,0.5788405206035518
Morice - Général Leclerc,0.5770539651391777
Strasbourg - Saint-Denis,0.576491754298041
Pasteur - Gambetta,0.5745732779699376
Grenelle - Violet,0.5741771712706917
Clef des Champs - Albert Dhalenne,0.5740100910488894
Pyramide - Parc Floral,0.5727281097063982
Vasco de Gama,0.571752399065623
Hôtel de Ville d'Argenteuil,0.5708439129394034
Grande Truanderie - Saint-Denis,0.5674742092384039
Place Jeanne d'Arc,0.5654415917685836
Lagny - Victor Basch,0.5654386585488128
Victor Hugo - Gare,0.563453988753184
Notre-Dame-des-Champs - Stanislas,0.5633969785063851
Pesaro - Préfecture,0.5630545791546885
Charenton - Place du Col Bourgoin,0.5627506289288118
Pitié-Salpêtrière,0.5626799350719409
Temple - Haudriettes,0.5619702188037885
Port - Maurice Chevalier,0.5613991981827656
Victor Hugo - Bineau,0.5610183722792056
Victor Cresson - Telles de la Poterie,0.5608247860072931
Silly - Galliéni,0.5595134856518669
Saint-Germain - Ciseaux,0.5594214551583968
Hôtel de Ville de Rueil-Malmaison,0.5584257112708948
Place du Front Populaire - George Sand,0.5583988002988709
Place de Finlande,0.5580965016457765
Raspail - Manufacture des Oeillets,0.5580510273013644
Jean Macé - Faidherbe,0.5577528559063494
Petit Palais,0.5573102630428575
Raspail - Bac,0.5570782247804216
Marcelin Berthelot,0.5560495298134758
Assas - Luxembourg,0.5560028040546741
Gabriel Péri - Danielle Casanova,0.5558094886857565
Square Desnouettes,0.5552591791491003
Félix Faure - Lourmel,0.5548261613589248
Carrefour Pleyel,0.5543636857049108
Square Pierre Lazareff,0.5540193382941347
Flandrin - Longchamp,0.5518021701177113
Colisée - Champs-Elysées,0.5503573690274094
Saint-Mandé - Fabre d'Eglantine,0.5500880876915665
Rouget de L'isle - Watteau,0.547182426361997
Président Wilson - Jean Jaures,0.5446827760947419
Saint-Marcel - Hôpital,0.5445375395656075
Charenton - Prague,0.5437983888244629
Jean Jaurès - Jean Baptiste Clément,0.5420989411992265
Etienne Marcel - Montorgueil,0.5417322658427923
Hôtel de Ville de Saint-Ouen,0.5414609706715791
Pontoise - La Tournelle,0.5412228496994287
Cossonnerie - Sébastopol,0.5408236403920481
Blancs-Manteaux - Archives,0.5388966876944784
Bastille - Beaumarchais,0.5356124028578045
Pascal - Claude Bernard,0.5346391873652954
Bourse du Travail,0.5345723757614441
Mazagran - Bonne Nouvelle,0.532181267753081
Censier - Santeuil,0.5320050138541628
Amédée Huon - Fort d'Ivry,0.5318976572450935
Longchamp - Place d'Iéna,0.5310662817422773
Marché Saint-Germain,0.5307276247586429
Pierret - Madrid,0.5301502876242025
Place de la République - Voltaire,0.528960601820416
Bertie Albrecht - Hoche,0.5276766914978227
Gare Rosny-Bois-Perrier,0.5275011552052737
Saint-François-Xavier,0.5235539977527929
Gay Lussac - Saint-Jacques,0.5197365445658815
Place Mireille Havet,0.5184564895362679
Village Saint-Paul,0.5184268334525751
Danton - Serpente,0.5179253412029975
Mutualité,0.5178585424292016
Vaugirard - Monsieur le Prince,0.5152577763421257
Place Edmond Michelet,0.5144089212271482
Quai aux Fleurs - Pont Saint-Louis,0.5142857566890557
Chabrol - d'Hauteville,0.5141647392567784
Cujas - Saint-Michel,0.51394850433297
Edouard Poisson - Victor Hugo,0.5117465274951889
Daumesnil - Hébrard,0.511640528668025
Blanqui - Docteur Bauer,0.5109377726509364
Anatole France - Louise Michel,0.5082047158303951
Arsène Houssaye - Friedland,0.5081143968049616
Bateliers - Quai de Seine,0.5046757195263157
Saint-Denis - Université,0.5046335810699603
Caire - Dussoubs,0.49703373113508564
Raspail Barbès,0.49433137283333856
Jean Jaurès - Presles,0.4937378988835074
Charles de Gaulle - Rue de l'Alma,0.492495027442992
Place Eustache Deschamps,0.49247027466998144
Place Etienne Pernet,0.49151459000456554
Gare RER - Général de Gaulle,0.48958999059816094
Gouthière - Poterne des Peupliers,0.48932855930114666
Suffren - La Motte-Piquet,0.4890471316656389
Place du 8 mai 1945.,0.4889257654477752
Pierre Grenier - Pont de Billancourt,0.4874669555950343
Metz - Faubourg Saint-Denis,0.48408996342107447
Vieille du Temple - Francs Bourgeois,0.48053121998697534
Place des Larris,0.4783512934071981
Perle - Vieille du Temple,0.4762822599231749
Jean Jaurès - Place de la Libération,0.47455344572355806
Gare de Robinson,0.47248792310545884
Pont de Lodi - Dauphine,0.472098471277968
Diderot - Reuilly,0.4718612859021348
Félix Faure - Sadi Carnot,0.47032494475766556
Henri Ste-Claire Déville - Paul Héroult,0.4701160074824776
Faubourg Du Temple - Republique,0.4693160032043261
Jean Jaurès - Place du Dr Roux,0.468688596606095
Mairie du 11ème,0.46531795418639277
Gaston Roussel - Commune de Paris,0.4627237490438106
Mairie du 3ème,0.4624171509886223
Lavandieres Sainte Opportune - Rivoli,0.46241359234443674
Emile Zola - Fondary,0.4621593077529559
Hôtel de Ville de Levallois Perret,0.4620839559984018
Diderot - Pierre Bourdan,0.46169992458674053
Square du Bataclan,0.4613818960099962
Raspail - Varenne,0.46093155630369714
Charenton - Diderot,0.4601190307637161
Landy - Heurtault,0.45922607930323733
Champ de Mars - Cler,0.4589269791268541
Jean Colly - Tolbiac,0.45827333568576195
Mstislav Rostropovitch - Berthier,0.45739806860536947
Gare Saint-Lazare - Place de Budapest,0.45665828374204565
Volontaires - Lecourbe,0.45590784553490604
Gobelins - Port-Royal,0.4555836421156369
Guy Môquet - Jean Moulin,0.45465442232921277
Chevreuse - Montparnasse,0.45398373396168223
André Maurois - Joseph et Marie Hackin,0.451019581095636
Murat - Porte de Saint-Cloud,0.45034378686666326
Toffier Decaux - Cartier Bresson,0.44877875604063494
Mornay - Sully,0.44666581726567883
Place Saint-Just,0.4462306621936065
Général Leclerc - Bièvre,0.44362087907018805
Faidherbe - Dahomey,0.44271855833039697
Général Delambre - Prebuard,0.4392825565239359
Hôpital Bégin,0.4391728594852771
Résistance - Romain Rolland,0.43630898513251454
Ancien Canal - Hélène Brion,0.4354857498734858
Simone Signoret - Paris,0.43515191390811836
Mairie du 4ème,0.4335510181432051
Saint-Denis - Réaumur,0.432737132784844
Mairie de Rosny-sous-Bois,0.4317495577392065
Sorbonne - Ecoles,0.43065669111226046
Billancourt - Général Leclerc,0.4281021996961044
Lecourbe - Jean Maridor,0.42803538426090176
André Theuriet - Blagis,0.4268260628449312
Pavé des Gardes - Charles Vaillant,0.42594405594405593
Jardin Marguerite Long,0.4255714326522142
Paganini - Davout,0.42547756342389575
Cardinal Lavigerie,0.42415071522144837
Place Saint-André des Arts,0.4233743322342339
Marché d'Auteuil,0.42276100598833594
Bourdon - Pont Morland,0.4227570203564565
Charles Delescluze,0.42186423874686085
Neuilly - Petit,0.41927735953248735
Lagny - Auguste Blanqui,0.4192292597483881
Octave Feuillet - Albéric Magnard,0.418495047418492
Raspail - Albert Schweitzer,0.417267005140397
Ménil - Argenteuil,0.41677749231342215
Saint-Romain - Cherche-Midi,0.41646071207565105
Place Pasdeloup,0.41602001895635143
Saint-Gilles - Turenne,0.41350442034912527
Anatole France - Jean Lolive,0.41350179916268015
Hôtel de Ville de Sèvres,0.4125158674968087
Station Paris Basketball - Ney - Charles Hermite,0.41236415394148324
Docteur Calmette - Martre,0.41094519720793643
Marne - Germain Dardan,0.41041157667415373
Hôtel de ville de Fontenay-sous-Bois,0.4084377881376438
Paris - Laitières,0.4082539316268682
Île de la Jatte,0.4081394917288049
Gare Arcueil - Cachan,0.4076078160713602
Lamartine - Faubourg Montmartre,0.4070425983088292
Macdonald - Césaria Evora,0.4068216762679094
Montgallet - Charenton,0.4061266668969526
Guersant - Gouvion-Saint-Cyr,0.40598923216426697
Place Centrale,0.40570947350953923
Charles Tillon - Cimetière Communal,0.4040965093219089
Bineau - Louise Michel,0.40329397298109804
Guynemer - Jardin du Luxembourg,0.4029465375577297
Place de la Gare,0.4018199295429392
Porte de la Villette,0.4008709490817245
Sabot - Rennes,0.40062642764604994
Bleue - Trévise,0.39964472932143963
Saint-Michel - Luxembourg,0.39963557179643405
Lucien Lanternier - Le Luth,0.3990460863260135
Porte Saint-Martin,0.3970241726855691
Parc Monceau,0.3934735246766727
Château - Bineau,0.3928402465809082
Porte Dauphine,0.392181835698015
Saint-Sulpice,0.3919457015284978
Jean Calvin - Tournefort,0.39178834222227954
Galilée - Kléber,0.39175853093143326
Ledru-Rollin - Place du Père Chaillet,0.39034242122015034
Monceau - Malesherbes,0.3902656783998145
Quai du docteur Dervaux,0.3898314422767625
Montgallet - Reuilly,0.38924853435861384
Place Joffre - Frédéric le Play,0.38790157807440045
Lauriston - Copernic,0.38712297672144574
Place du Général de Gaulle,0.3847994274283524
Londres - Europe,0.38009069087070735
Boulangers - Cardinal Lemoine,0.38004189417440887
Poissy - Saint-Germain,0.37952253791019785
Michelet - Assas,0.3785258890414385
Argenteuil - Voltaire,0.37731588536764193
Hector Malot - Daumesnil,0.3771489639554926
Gardenat Lapostol - Franklin Roosevelt,0.3723782841576321
Payenne - Square George Caïn,0.3723409563895718
Cité Riverin - Château d'Eau,0.3697999256024619
Porte Pouchet-Bessières,0.36661381295869344
Jean Oestreicher - Porte de Champerret,0.36599239734650896
Georges Pompidou - Verdun,0.3657702704186784
Fessart - Château,0.36468747147279007
Joseph Liouville - Croix Nivert,0.3635446809040329
Mairie de Sceaux,0.36331583697409797
Charles Frérot - Albert Guilpin,0.3622922056976502
Roquette - Auguste Laurent,0.36168654814341716
Bertrand Sincholle - Henri Barbusse,0.3603582373599045
Liège - Moscou,0.3598529683004835
Henri Barbusse - Marcel Cachin,0.35939326889925144
Cevennes - Bergers,0.35825642115810596
Porte de Versailles,0.3582066729645129
Marceau Delorme - Pierre Brossolette,0.35804186866515547
Louis Lumière.,0.3576785463385134
Gare de Nogent-le-Perreux,0.3576174744210904
Grande Armée - Brunel,0.3566827366265566
Blaise-Desgoffe - Vaugirard,0.355492325174101
Paul Vaillant-Couturier - Gare RER,0.35544441782895186
Charles de Gaulle - Plateau de Vanves,0.3551776803554366
Martyrs de Châteaubriant - Jean Grandel,0.3520158569500676
Jean Jaurès - Ouvrières Pivéreuses,0.35124700123143104
Tiron - Rivoli,0.3489637831824441
Madeleine Michelis - Roule,0.34719171748438754
Gare Montparnasse - Arrivée,0.34712648403111146
Regard - Rennes,0.34692289147395855
Keller - La Roquette,0.3469041887957927
Gare RER les Grésillons,0.3460952679555076
Square Saint-Ambroise,0.3460638259407443
Théâtre de La Garenne,0.3441897073631944
Crevaux - Bugeaud,0.3412042482508036
Place Denfert-Rochereau,0.3388997592568372
Beaumarchais - Saint-Gilles,0.3383800747802925
Porte d'Aubervilliers,0.3366765123774993
Place Aristide Briand,0.3363149526233036
Vinaigriers - Magenta,0.33549801244135397
Arthur Ranc - Hôpital Bichat,0.3332006820079423
Place de la Porte de Passy,0.3329274902815137
Hoche - Tilsitt,0.3326871749241275
Charles Lecocq - Lecourbe,0.3321263835010786
Avenir,0.33112411114463486
Théâtre - Lourmel,0.33032150417522266
Bas - Gabriel Péri,0.32679399747829063
Cité des Sciences et de l'Industrie,0.3255360746980297
Hoche - Jean Lolive,0.3236835253706929
Athènes - Clichy,0.32359296486465694
Benoît Frachon - République,0.32239792119929145
Porte de Saint-Ouen - Henri Huchard,0.32074138666319885
Jean Lolive - Parc Stalingrad,0.31883634741472977
Alouettes - Maréchal de Lattre de Tassigny,0.3175068808601718
Amelot - Saint-Sébastien,0.31728070612863246
André Mazet - Saint-André des Arts,0.317097915678222
Mairie de Clichy,0.31571747777355375
Porte de Charenton,0.3151037270348611
Porte Maillot - Perreire,0.31323527450714034
Porte d'Auteuil,0.313077851379609
Eylau - Trocadéro,0.3121640521877874
Stalingrad - Général de Gaulle,0.3117379310753913
Jardin Modèle - Pierre Boudou,0.31046737651340944
Square Gilbert Thomain,0.31046119896325786
Rocher - Laborde,0.3094996702401471
Gare d'Argenteuil,0.309379715265101
Hôtel de Ville d'Asnières sur Seine,0.3091898904463457
André Karman - République,0.30800779462190425
Mauroy - Cheminots,0.3068593227813526
11 Novembre 1918 - 8 Mai 1945,0.306441525953721
Charles de Gaulle - Jean Lolive,0.3049350180064449
Place Jean Ferrat,0.3046703244899669
Victor Hugo - Galliéni,0.30432829202007616
Victor Hugo - Jeanne Jugan,0.30358643267129665
Gare RER de Saint-Denis,0.30288988664328625
Gare de la Garenne-Colombes,0.30215233241487083
Arthur Auger - Jean Jaurès,0.2996340934866313
Richard Lenoir - Voltaire,0.29844276954663645
Hôpital Necker,0.297191243781057
Thouin - Cardinal Lemoine,0.2968423450595216
Pierre Levée - Fontaine Timbaud,0.2957024429692968
Pereire - Rennequin,0.29491632634569104
République - Henri Barbusse,0.2942690971894777
Basilique,0.292376365759962
Davout - Volga,0.2913331508583703
Honoré d'Estienne d'Ovres - Grilles,0.29131382979163734
Grands Moulins de Pantin,0.2901317283867714
Convention - Vaugirard,0.2899940325659749
Porte Molitor,0.2892254325968891
Place Jean Mermoz,0.2883349208343262
Reynaldo Hahn - Lagny,0.2881067050647131
Gare de Bellevue,0.2877301428596634
Edouard Vaillant - Galliéni,0.28728188153068024
Quai de Béthune - Pont de la Tournelle,0.2865295197236127
Parc Eli Lotar,0.2863280891945117
Daumesnil - Picpus,0.28528679325734785
Emile Reynaud - Porte de la Villette,0.28473413691623367
Place du 17 Octobre,0.28422448405773926
Cité de la Musique,0.28360666862297235
Place des Arts - Jean Mermoz,0.28348568118131645
Gare Saint-Lazare - Stockholm,0.28338978202454035
Mairie d'Issy,0.28324875756482965
Le Goff - Gay-Lussac,0.2826416574163612
Paul Doumer - Stalingrad,0.2810263141191079
Delizy - Louis Nadot,0.2807535947515856
Mac-Mahon - Brey,0.2804833529302691
Hippodrome de Longchamp,0.27909300001588194
Versailles - Claude Terrasse,0.2783739634408622
Porte d'Italie,0.2782669824712997
Place de Passy,0.2765407120543172
Garibaldi - Gabriel Péri,0.2761281424837866
Bessières - Porte de Clichy,0.2757053077410579
Bois de Vincennes.,0.27417468983108384
Evariste Galois,0.2740220340824402
Fort d'Aubervilliers,0.2722961132596116
Conservatoire de Musique,0.2717692516450361
Gare de l'Est - Fidélité,0.2712324614158849
Lecourbe - Convention,0.2690698184616423
Mairie du 10ème,0.26846201338499204
Jemmapes - Ecluses Saint-Martin,0.2673137213842282
Bois de Vincennes - Gare,0.26707487245039885
Saint-Placide - Cherche Midi,0.2664572456096769
Lucie Aubrac - Franklin,0.2656144665306547
Villiers - Batignolles,0.26494835103806
Val-Fleury,0.2647007593160761
Jules Vallès - Charonne,0.2646260501891936
Aboukir - Alexandrie,0.2645705104967898
Pyrénées - Plaine,0.2642784250756438
Mairie de La Garenne Colombes,0.26422553846556746
Geoffroy-Saint-Hilaire - Saint-Marcel,0.2639603945606987
Kléber - National,0.26362794993929045
Place Saint-Ferdinand,0.263215553110276
Cartier Bresson - Denis Papin,0.26142260649406196
Raymond Poincaré - Place Victor Hugo,0.2613073722632933
Placette Grégoire Collas,0.26105494503289456
Saint-Jacques - Val de Grâce,0.2608040006846238
Commandant Charcot - Bretteville,0.2597699088817452
Place Charles Digeon,0.2597096342756597
Général Leclerc - République,0.2592477633735032
Chateau,0.25846041582119395
Nanterre - Université,0.25799320947192833
Pierre et Marie Curie - Maurice Thorez,0.2571137423493982
Adrien Lesesne - Docteur Bauer,0.2570395832611524
Square Montholon,0.25678430805311125
Gare Montparnasse - Edgar Quinet,0.2554486906923094
Charentonneau - Maisons Alfort,0.25488123438850124
Saint-Didier - Raymond Poincaré,0.254365080622414
George Sand - Jean de La Fontaine,0.25233194798768094
Place Henri Dunant - Gare RER,0.25105185923439266
Fragonard - Porte de Clichy,0.24959638852128496
Commandant l'Herminier - Gallieni,0.24886485343480894
Gare des Vallées,0.247754788260482
Lac Daumesnil - Saint-Maurice,0.2473105893552729
Jules Guesdes - Carnot,0.24689537900966177
Chanzy - Sud-Est,0.24621030852867568
Jourdan - Stade Charléty,0.24564046837729517
Gabrielle Josserand - Edouard Vaillant,0.2455539942606282
Square de Choisy - Eastman,0.2455400635207709
Flandre - Ourcq,0.2450256890989426
Stalingrad - Germaine Tailleferre,0.2442506295846638
Marne - Charles de Gaulle,0.24390163876167953
Eglise d'Auteuil,0.24359193135055066
Raymond Poincaré - Allée de la Marche,0.2431996144251118
Vivaldi - Antoine-Julien Hénard,0.24271287404983097
Lavoisier - Missak Manouchian,0.2420760263476616
Point du Jour - Jean Jaurès,0.2415718471679387
Montreuil - Gonnet,0.24093742032903306
Marcel Pourtout - Édouard Manet,0.2396149423455881
Duroc - Place de Breteuil,0.23960237354167616
Concorde - Stalingrad,0.23939602827843504
Pierre Brossolette - 12 Février 1934,0.2389383965700948
Grande Rue - Europe,0.23886074499870272
Nationale - Marcel Duchamp,0.2375068040970962
Averroès - Aimé Césaire,0.236288671242518
Bordier - Félix Faure,0.2354771844033806
Place de la Nation - Taillebourg,0.23502608800761687
Reims - Raymond Pitet,0.23463034232395347
Port - Confluence,0.23425093063166194
Place Jacques et Thérèse Tréfouël,0.231589025959896
Vaneau - Sèvres,0.23042676576012128
Italie - Jardin Joan Miro,0.23015110592220325
Mézières - Rennes,0.22996200713571205
Raspail - Chomel,0.22977775085876068
Paris - Désiré Préaux,0.22956282916134124
Ranelagh - Mozart,0.22904131311732664
Harpe - Saint-Germain,0.22872749483317129
Gabriel Péri - Place de la Libération,0.22872529055764898
Jean Rostand - Paul Vaillant Couturier,0.22863009432997425
Guillaume Tell - Parc Henri Barbusse,0.2284927119850746
Moncey - Blanche,0.22791984340149438
Capitaine Glarner - Gabriel Péri,0.2277384583073758
Charcot - Benfleet,0.22608464258994762
Cambronne - Villa Croix Nivert,0.22606517487951783
Place de la Fraternité,0.22573602444825402
Henri Barbusse - Bourguignons,0.22501289603122754
Diane Arbus,0.22456903309293447
Pergolèse - Malakoff,0.2234035828485887
Place Jacques Bonsergent,0.22324473535640596
Cambronne - Mademoiselle,0.2227178376477278
Flandre - Alphonse Karr,0.22232511971556976
Boulets - Voltaire,0.22227858955589871
Assas - Vaugirard,0.22102271800715867
Courcelles - Pierre Demours,0.22091830373122667
Gare de l'Est - Verdun,0.2202845965796837
Hôpital - Campo-Formio,0.22008829993000928
Hôpital Pitié Salpêtrière,0.2198362065951306
Belidor - Gouvion-Saint-Cyr,0.21905804786844124
Victor Massé - Jean-Baptiste Pigalle,0.21891134881491434
Berthier - Place Stuart Merril,0.21866737279791143
Pierre Demours - Laugier,0.2181399806382586
Saint-Cloud - Hippodrome,0.21729758546527939
Vignerons - Minimes,0.2169935792034712
Bayen - Pereire,0.2141803470713152
Ney - Porte de Montmartre,0.2134010311653365
Quai de la Loire - Jean Jaurès,0.2129736504949311
Paris - Emile Zola,0.21208344576190857
Place de Verdun,0.21200449569704197
Château - République,0.21182508989438567
Danielle Casanova - Ledru-Rollin,0.21163863452331005
Faubourg St-Antoine - Place de la Nation,0.20942009020507799
Saint-Ambroise - Parmentier,0.2089941868058428
Hôtel de Ville - Pont-Marie,0.20813453199154136
Richard Lenoir - Jean-Pierre Timbaud,0.20780189102363636
Cherche-Midi - Hôpital Necker,0.20758854434614496
Phalsbourg - Villiers,0.2072130316792435
Château de Vincennes,0.2071504354128565
Dominique Pado - Croix Nivert,0.20651997958703308
Place Nationale - Château-des-Rentiers,0.20624803304799968
Vigée-Lebrun - Anselme Payen,0.20506934224046497
Port-Royal - Hôpital du Val-de-Grâce,0.2049376963639634
Place Jean-Baptiste Clément,0.20437671456548154
Paix - Verdun,0.20413285800740777
Place de la vache noire,0.20385858991449643
Place de la Nation - Charonne,0.20251520668734288
Stade Georges Carpentier,0.20246097342932134
Parc Floral du Bel Air,0.2022424569345462
Fabre d'Eglantine - Place de la Nation,0.2015781814868159
Raffet - Montmorency,0.20147534947197934
Glacière - Soeur Catherine Marie,0.2012813394673693
Rampal - Belleville,0.20090441372375317
Verdun - Adrien Damalix,0.2009018486126729
Bobillot - Tolbiac,0.20069594238596458
Magenta - Chabrol,0.2000339190663522
François Debergue - Croix de Chavaux,0.19975509537655828
Louis Lejeune - Barbès,0.19942418682115756
Place du Maréchal Juin - Péreire,0.19921567469874196
Edgar Quinet - Gaité,0.19840088027690278
Gare de Sèvres - Ville d'Avray,0.19826532515303746
Gare Rer de Fontenay sous Bois,0.1973094224484896
Saint-Jacques - Tombe Issoire,0.1971490326458101
Choron - Martyrs,0.19694500017138353
Grand Prieuré - Crussol,0.1962883720242556
Gaston Tessier - Rosa Parks RER,0.19540602110307825
Place de la Porte de Paris,0.1952748480441423
Saint Georges - d'Aumale,0.1949962092269396
Dugommier,0.194750706901328
Félix Faure - Convention,0.19461512570356915
Herschel - Observatoire,0.19428981263133124
Verdun - Pierre et Marie Curie,0.1941930318311932
Nationale - Vincent Auriol,0.1940047544262091
Cesaria Evora - Rosa Parks,0.19345299796094528
Delphine Seyrig - Général Leclerc,0.19327701297429428
Volontaires - Vaugirard,0.19306200930681128
Maine - Jean Zay,0.19285820680889357
Place de Rungis,0.19281456980077516
Cordelières - Arago,0.19214907676759746
Pelée - Alphonse Baudin,0.1918425013516054
Le Brix et Mesmin - Jourdan,0.1915457564050625
Louis Lumière - Porte de Bagnolet,0.19125844870140002
Jules Ferry - Faubourg du Temple Paris,0.19055522802601835
Lucien Sampaix - Récollets,0.18972467338344653
Louis Ganne - Davout,0.1895947924467746
Guichet - Jean Jaurès,0.18927557295807407
Saint Lambert - Blomet,0.18851128193259917
Square Alban Satragne,0.18841144871278948
Montreuil - République,0.18763686492333936
Cambrai - Benjamin Constant,0.18732391902168113
Temple - Jean-Pierre Timbaud,0.1871017104328285
Place de l'Édit de Nantes,0.18450694062464287
Jean-Baptiste Pigalle - La Bruyere,0.18425117440590882
Place Madeleine Daniélou,0.18350498337808754
Maxime Gorki - Paul Vaillant-Couturier,0.18328832442067738
Victor Hugo - La Pompe,0.18244358418188256
Porte de Pantin.,0.1822905650254931
Buisson Saint-Louis - Saint-Maur,0.18205834417455652
Temple - Charlot,0.18163351805853395
Chazelles - Courcelles,0.18149774891568146
Square des Amandiers,0.18120523954110201
Niger - Soult,0.17991159866676595
Rottembourg - Général Michel Bizot,0.1783636895524689
Porte de Clignancourt - Ney,0.177980484913191
Hôtel de Ville de Vincennes,0.17706845059786552
Naples - Rome,0.1763516730118589
Gustave Eiffel - Parc des Impressionnistes,0.17618912579550633
Siam - La Pompe,0.17616559872877147
Olympiades,0.1759472296268153
Résistance - Parmentier,0.1759044950641902
Léon Frot - Charonne,0.17570034263923498
Villette - Belleville,0.17558404426203233
Mairie de Montreuil,0.17544963152050322
Jouffroy d'Abbans - Wagram,0.1754049316529254
Guy Môquet - Saint-Ouen,0.17456242756652665
Quai de l'Aisne - Général Leclerc,0.1739773108559698
Vanne - Saussaies,0.17345959966241226
Maine - Antoine Bourdelle,0.1730976486340362
Place Tristan Bernard,0.17231202434445722
Brillat-Savarin - Küss,0.17163475875864484
Saint-Maur - Roquette,0.1712389140824796
Place d'Italie - Vincent Auriol,0.17116750548578435
Gravelle - Route du Bac,0.17081041700999167
René Binet - Porte de Montmartre,0.17078084023782528
Place Jean-Spire-Lemaître,0.17017903000665882
Flandrin - Henri Martin,0.16917660021431777
Champeaux - Gallieni,0.16884181939203957
Place Charles Vallin,0.16817359723306108
Cassini - Denfert-Rochereau,0.1675425146058646
Courcelles - Place des Ternes,0.16659906607368521
Le Vau - Maurice Bertaux,0.16654712133955202
Vincennes - Douy-Delcupe,0.16644848602727982
Général De Gaulle - Vivien,0.16620725203505396
Romain Rolland,0.16596676186792567
Lacépède - Linné,0.16555859347905041
Marché Secrétan,0.16490357593746996
Place Monge,0.16476870608355051
Crimée - Ourcq,0.16448476506735682
Paul Valery - Victor Hugo,0.1643934129605173
Schoelcher - Raspail,0.16405796258199437
Departement - Pajol,0.1634901417527943
Flandre - Riquet,0.16291362586862496
Vaugirard - Pasteur,0.16132570873936591
Bois de Vincennes - Polygone,0.16130634957030454
Clichy - Place Blanche,0.15980900240704385
Méchain - Faubourg Saint-Jacques,0.15969547551117294
Jouffroy d'Abbans - Malesherbes,0.1593498469766925
Place Charles de Gaulle,0.15898771732852707
Stade Gaston Bouillant,0.15893162438118938
Clapeyron - Moscou,0.15893033042782442
Route de la Muette - Porte de Neuilly,0.15892271952835227
Parc Georges Brassens - Brancion,0.15878262893633155
Cadix - Hameau,0.15857443273425562
Oberkampf - République,0.15852477373325177
Gare Montparnasse - Vaugirard,0.15850067134395418
Porte d'Asnières,0.15815761767962416
Aubervilliers - Curial,0.1578923180306173
Jessaint - Marx Dormoy,0.15730298771857423
Ivry - Simone Weil,0.15655662125193193
Gare du Nord - Dunkerque,0.15587869480494554
Boulets - Faubourg Saint-Antoine,0.1552750336993875
Ferrus - Saint-Jacques,0.15484671231833774
Quai de la Seine,0.15427927387969287
Charenton - Wattignies,0.1542307252695607
Mairie du 15ème,0.15360114765767371
Euryale Dehaynin - Loire,0.15328281596703672
Belfort - Voltaire,0.15315214280338002
Brancion - Lefebvre,0.1530248065986632
Centenaire - Sorins,0.15291057785157164
Maxime Gorki - Louis Aragon,0.15261901974509107
Gare de Courbevoie,0.15250942799652153
Joffre - Aigle,0.15183731200814884
Haies - Réunion,0.1503634840371248
Manin - Secrétan,0.14992826346513805
Alfred Roll - Berthier,0.14987884540207655
Douai - Bruxelles,0.1498473488248802
Parme - Clichy,0.14898999385754982
Port Royal - Hôpital Cochin,0.1489833182812133
Bichat - Grange aux Belles,0.14872257047676804
Rochechouart lamartine,0.14867668856689512
Docteurs Déjérine - Pte de Montreuil,0.14824839080322272
Sambre et Meuse - Villette,0.14821199739074528
Jonquière - Docteur Paul Brousse,0.14742144338304775
Passy - Place du Costa Rica,0.14698815776612933
Brochant - Square des Batignolles,0.14660350450217455
Froidevaux - Boulard,0.14615149350047002
Butte aux Cailles - Esperance,0.14573216332964994
Bréa - Raspail,0.14550304709945758
Quai de l'Oise - Aisne,0.14528049429490525
Edgar Quinet - Raspail,0.14503738240444183
Chausson - Gabriel Péri,0.14460297897268848
Benjamin Delessert - Jean Lolive,0.1445146320454807
Henri Barbusse - Stalingrad,0.14417605317567592
Exelmans - Michel-Ange,0.14413572925246326
Saint-Maur - République,0.14393518700376975
Lorraine - Jean Jaurès,0.1437667050481087
Général De Gaulle - Alouette,0.14358402500490156
Goutte d'or - Barbès,0.1434530641305242
Châteaudun - Place de la Liberté,0.14339599951956317
Roger Salengro - Général de Gaulle,0.14333291229842954
Repos - Cimetière du Père Lachaise,0.14324116671954934
Bois de Vincennes - Porte Jaune,0.14311790376419006
Sahel - Général Michel Bizot,0.14265602938240396
Ménilmontant - Père Lachaise,0.14243751362262996
Claude Decaen - Cannebière,0.1421159195955521
Michel-Ange - Parent de Rosan,0.14126108229712722
Maréchal Joffre - Verdun,0.1412508122844849
Ménilmontant - Oberkampf,0.14105202910539655
Gare de Pont-Cardinet,0.14078565980018617
Bracion - Périphérique,0.14076763444896104
Saint-Mandé - Docteur Arnold Netter,0.14057285537095165
Résistance - Hoche,0.14056119099657016
Colonel Monteil - Brune,0.13986500108779612
Beaujon - Wagram,0.13971752125783443
Roland Garros - Jean Bouin,0.13962289481266493
Mairie du 12ème,0.13949796000134984
Général Michel Bizot - Claude Decaen,0.13943655402993838
Odessa - Départ,0.13937321540462072
Toqueville - Cardinet,0.13900545668141573
Assas - Rennes,0.13839993412350068
Mont Valérien - Michel Salles,0.13835048464980076
Mazagran - Pierre de Coubertin,0.13825142516867947
Epi d'Or - Chevilly,0.13807244820428263
Edith Cavell - Volta,0.1379605077464881
Tanger - Place du Maroc,0.13719964744274266
Jean-Pierre Timbaud - Vaucouleurs,0.13717292726619806
Place des Ternes.,0.13674516286506744
Jourdan - Cité Universitaire,0.13669056714390404
Jouffroy d'Abbans - Villiers,0.13657210103136555
Bellefond - Poissonnière,0.13636313713519074
René Coty - Place Denfert-Rochereau,0.13609292477312251
Auguste Blanqui - Glacière,0.13570967379720458
Porte d'Ivry,0.13570095163213283
Jardins d'Eole,0.13546764394698985
Jacquard - Ternaux,0.1350230755681075
Gambetta - Michelet,0.13497693225321344
Place des Abbesses,0.1349068464073659
Arago - Glacière,0.1347313190369322
Roger Salengro - Fontainebleau,0.134366559240522
Pyrénées - Avron,0.13384439256175934
Belles Feuilles - Place de Mexico,0.13306909598855887
Square Georges Melies,0.13299997504441713
Place Paul Delouvrier,0.1323784033891105
Paul Barruel - Vaugirard,0.13160174967097438
Pereire - Saussure,0.13159224851482357
Epée de Bois - Mouffetard,0.13129298720887178
Parvis Robert Schuman - Roger Salengro,0.1312689563438617
Aristide Briand - Gare de Bagneux,0.13104135818199483
Marseille - Beaurepaire,0.13078699048142411
Place de l'Eglise - Pantin,0.13062259051983724
Pyrénées - Cours de Vincennes,0.1300631816055806
Lemercier - Cardinet,0.12986821708074736
Porte de Saint-Ouen - Bessières,0.12973169692416375
Gabriel Péri - Francisco Ferrer,0.12896210611127198
Pajol - Place Herbert,0.12859428773083043
Gare du Nord - Faubourg Saint-Denis,0.12851569779356467
Ivry - Baudricourt,0.1282214404848501
Clichy - Douai,0.12760102898897066
Olivier de Serres - Leriche,0.1275049419300374
Charonne - Avron,0.1273160864234295
Fontaine du Tertre - Calvaire,0.126493019175946
Marie-Georges Picquart - Pereire,0.12640944361820844
Marché Saint-Quentin,0.12637858851186906
Mairie du Kremlin-Bicêtre,0.12636364410148498
Verdier - Jean Jaurès,0.12624287566389059
Carpeaux - Place Jacques Froment,0.12591253639126737
Lacépède - Monge,0.12573144030050387
Place du 14 Juillet,0.12535089178407158
Gare du Nord - Place de Valenciennes,0.12515217944026294
Centquatre,0.12491696625523906
Bobillot - Paulin Mery,0.12467074620980835
Rond-point du Dr Albert Schweitzer,0.12461578154750418
Gare du Nord - La Chapelle,0.12270689006528755
Petit - Manin,0.12207493734311704
Eugène Varlin - Place de la Paix,0.12197433236841795
Marseillaise - Grenade,0.12172005247563183
Chancé Milly - Cimetière Communal Sud,0.12147838327456463
Jacques Kellner - Saint-Ouen,0.12122873905071195
Exelmans - Versailles,0.1206550885708433
Porte de Vanves,0.12028059979044645
Marx Dormoy - Château Sainte-Barbe,0.12024308957373911
Place Pigalle,0.11973909208230447
Récollets - Square Villemin,0.11954560072663356
Richard Lenoir - Republique,0.11856521737735437
Stalingrad - Henri Luisette,0.11840215857092556
Place Carnot,0.11826822407140067
Sablons - Georges Mandel,0.1180999159485627
Buzenval - Vignoles,0.11766408512869281
Benjamin Godard - Victor Hugo,0.11706639963770563
Gare de l'Est - Place du 11 Novembre 1918,0.11675812595854151
Pierre Ginier - Clichy,0.11675765862908728
Pyrénées - Maraîchers,0.11675213747870719
Parmentier - Fontaine au Roi,0.11655535624922829
Metz - Marne,0.11637544438407116
Fontenay - Libération,0.11588385428352319
Montreuil - Voltaire,0.11526146891685997
Batignolles - Abel Truchet,0.11519049931600975
Liard - Amiral Mouchez,0.11515698897085039
Jean-François Lépine - Stephenson,0.11503797703430702
Ouest - Château,0.11466515796734046
Saint-Amand - Labrouste,0.11460319475503197
Pasteur - Cotentin,0.11445211188058949
Mairie de Clamart,0.1142519970353335
Hôtel de Ville de Nanterre,0.1141040308028821
Franciade - Gabriel Péri,0.11399484583445922
Stalingrad - Barbara,0.11393393823086063
Poissonniers - Championnet,0.11373460472744716
Verdun - Henri Barbusse,0.11342154194692332
Louis Blanc - La Chapelle,0.11286138203304448
Sibelle - Alésia,0.11260433123356452
Porte de Vincennes,0.1124773709113549
Léon - Doudeauville,0.11226067249313904
Charonne - Pierre Bayle,0.11204116058900795
Louis Blanc - Aqueduc,0.11188218991539589
François Ponsard - La Muette,0.11186451192186762
Dunkerque - Rocroy,0.11178017991898599
Place Aimé Césaire,0.11177023179639756
Douai - Pierre Fontaine,0.11127556841309832
Auguste Blanqui - Corvisart,0.11098541158222856
Madagascar - Meuniers,0.11079878085991299
Aqueduc - Villette,0.11078502640846612
Abbeville - Faubourg Poissonnière,0.11070674078917059
Jean Jaurès - Gare de Clamart,0.11048718050691267
Condorcet - Turgot,0.11040174564173398
De Toqueville - Terrasse,0.1103877578684548
Porte d'Orléans,0.10989011475261402
Batignolles - Rome,0.1098810275503683
Place d'Italie - Soeur Rosalie,0.10974115046114435
Guillaume Bertrand - République,0.10960163718009963
Maurice Payret-Dortail,0.10944781969041782
Place Nelson Mandela,0.10902033418007893
Bargue -  Dutot,0.107889550806408
Boyer-Barret - Raymond Losserand,0.10779324398488989
Guy Môquet - Etienne Dolet,0.1077199813410379
Stalingrad - Rigollots,0.10756505987335101
Louis Blanc - Jemmapes,0.10646591491602787
Edouard Tremblay - Julian Grimaux,0.10644749809110617
Belleville -  Pré Saint-Gervais,0.10538318543387228
Tertres - Fontaine,0.10513703948961005
Gardenat-Lapostol - Velettes,0.10510610079575597
Orteaux - Mouraud,0.10461603659831
Square du Carrefour de l'Insurrection,0.10421373443978271
Square des Epinettes,0.104129978378484
Toudouze - Clauzel,0.10399792614140167
Jean Jaurès - Jules Jacquemin,0.10379477191307519
Nungesser - Santé,0.1035952461996284
Mozart - Jasmin,0.10351909565969097
Croulebarde - Corvisart,0.10311193919508359
Pierre Brossolette - Adolphe Pinard,0.1030796321587865
Alexandre Dumas - Voltaire,0.10295145911694065
Milton - Manuel,0.1028845539048313
Eugène Reisz - Davout,0.10266482239931972
Montparnasse -  Square Ozanam,0.10258656611119829
Picpus - Louis Braille,0.10249793254447684
Place Amédée Gordini - Lefebvre,0.10177074168084384
Marcadet - Ramey,0.1016631240505075
Didot - Mariniers,0.10161738211189116
Cours de Vincennes - Soult,0.10096513492599218
Place de la Division Leclerc,0.10068676206012041
Alexandre Parodi - Quai de Valmy,0.10017785113297475
Place Adolphe Cherioux - Vaugirard,0.09996167923964593
Marcadet - Barbès,0.09994823216833802
Place du Maréchal de Lattre de Tassigny,0.09975681409375599
Camille Risch - Paul Armangot,0.09957613474059099
Charonne - Robert et Sonia Delaunay,0.09930161584904726
Dutot - Place Alleray,0.09927412312176816
Jean Jaurès - Salvador Allende,0.0992642356260587
Boyer - Ménilmontant,0.0985620403916602
Clignancourt - Sofia,0.09809973351929503
Demi-Lune - Aristide Briand,0.09809155710816436
Dareau - Broussais,0.09775339349365393
Place de la Porte de Champeret,0.09773019942358044
Pereire - Place de Wagram,0.0976499603563629
Pelleport - Belgrand,0.09742245263410242
Place de la Nation - Picpus,0.0973679755966622
Chemin Vert - Saint-Maur,0.09718165960920179
Italie - Tolbiac,0.09662414261676212
Le Brun - Gobelins,0.09627935916683115
Laumière - Petit,0.0960742338113933
République - Auguste Perret,0.09598967252507053
Reuilly - Daumesnil,0.09586569349536221
Guy Môquet - Parvis Georges Marchais,0.09575026559427309
Franquet - Labrouste,0.0956266655370526
Adolphe Lalyre - Armand Silvestre,0.09491742829503992
Ambroise Rendu - Porte Brunet,0.0947459234092338
Tardieu - Chappe,0.09448273576012202
Lebrun - Colonel Fabien,0.0944243495967634
Félix Ziem - Armand Gauthier,0.09433059802491853
Jean Moulin - Place Victor et Hélène Basch,0.09424797120301354
Place Jules Ferry,0.09408779064691129
Tour d'Auvergne - Rodier,0.09391168628052879
Vladimir Ilitch Lénine - Andrée Chedid,0.09328629877384216
Philippe-Auguste,0.09306252559332974
Seine - Flandre,0.0924798078142225
Mariotte - Batignolles,0.09229814801266248
Buzenval - Avron,0.0921945762045244
Hautpoul - Jean Jaurès,0.09210339139835229
Leibniz - Jean Dollfus,0.09148766919204666
Pierre Larousse - Raymond Losserand,0.0911202931255468
Pergolèse - Marbeau,0.09084577259201485
Réunion - Avron,0.09073741433864885
Lally-Tollendal - Armand Carrel,0.09068325838049604
Jules Guesde - Laennec,0.09061376986827215
Pailleron - Bouret,0.0905154336592374
Gare RER de Gentilly,0.0904444621870907
Stalingrad - Désiré Chevalier,0.09012458443335604
Square Etienne Jarousse,0.08942968419394408
Square Denise Buisson,0.08939189863784658
Chemin Vert - Fraternité,0.0889206214383176
David Weill - Parc Montsouris,0.0889108685574783
Batignolles - Place de Clichy,0.08880359863167267
Suresnes - Muette à Neuilly,0.08879430776488362
Mairie du 14ème,0.08874672902652593
Santé - Arago,0.08873999994919765
Duméril - Jeanne d'Arc,0.088531101290975
Maurice d'Ocagne - General Maudhuy,0.08823247821219424
Sèvres - Lecourbe,0.08801628511356506
Bobillot - Moulin des Prés,0.08772549535230724
Claude Vellefaux - Hôpital Saint-Louis,0.08761295301392932
Vistule - Choisy,0.08737021023034507
Parmentier - République,0.0872291767601401
Gergovie - Vercingétorix,0.0867125436263217
Gare de l'Est - Faubourg-Saint-Martin,0.08667099603527756
Brochant - Clichy,0.08645094251302089
Belliard - Damrémont,0.08586196028437486
Belleville - Couronnes,0.08574496164973391
Championnet - Vauvenargues,0.0857215850038971
Saint-Mande - Picpus,0.08564453332371975
Place du Colonel Fabien,0.08562102514197531
Gare de Reuilly - Picpus,0.08537618130016537
Decrès - Alésia,0.08490479825173035
Cours de Vincennes - Davout,0.08444098268478831
Candale - Mehul,0.08422286021655431
Barbès - Monique Maunoury,0.08413488964077695
Génie - Mozart,0.08407938597113357
Henri Ravera - Gabriel Péri,0.08393782438025575
Granges aux Belles - Hôpital Saint-Louis,0.08379519816799519
Abbé Groult - Convention,0.08372036626988695
Alexander Fleming - Belvédère,0.0835077327950376
Stephenson - Doudeauville,0.08347080373689378
La Jarry - Place Diderot,0.08329656529148935
Place Falguière,0.08284517623254792
Carducci - Place Hannah Arendt,0.08281278900828454
Simon Bolivar - Henri Turot,0.08258426259471273
Mouton Duvernet - Général Leclerc,0.08252234387277735
Pajol - Riquet,0.08235333223234413
Sèvres Rive Gauche,0.08218822790093303
Faustin Hélie - Desbordes-Valmore,0.08165289232206542
Gare du Nord - Denain,0.08164397643556763
Sarrette - Général Leclerc,0.08159674971695915
Belleville - Pyrénées,0.0815847617720073
Amaury Duval - Gabriel Péri,0.08088702705143858
Manin - Carrières d'Amérique,0.08081376797872655
Alexandre Dumas - Place de la Réunion,0.08071464731882437
Claude Vellefaux - Sambre et Meuse,0.08050922729732407
Mairie de Romainville,0.08047661624187796
Poissonniers - Nord,0.08031151037659129
Porte de Clignancourt.,0.08025443394054126
République - Danton,0.07937011067916541
Saint-Germain - Verdun,0.0792826681807412
Alibert - Jemmapes,0.07927893311352216
Jean Moulin - Paul Doumer,0.07904077302667319
Auguste Cain - Jean Moulin,0.07891187401064471
Louis Rolland - République,0.07873675500820666
Manin - Crimée,0.07794781729232628
Lallier - Trudaine,0.07778256943037179
Hôpital Robert Debré,0.07756641499265073
Mairie,0.07747100477100545
Verdun - Carnot,0.0773345411243313
Petit - Georges Thill,0.07725708573861861
Etienne Dolet - Place Maurice Chevalier,0.07665914736340054
Moulin de la Pointe,0.07635402467066227
Marc Sangnier - Porte de Vanves,0.07618494528103617
Duhamel - André Gide,0.07612980043993596
Francoeur - Marcadet,0.075826022183317
Legendre - Dulong,0.07553568692147963
Borrégo - Gambetta,0.07516718484420878
Gambetta - Tourelles,0.07466048924604111
Tristan Tzara -  Tchaïkovski,0.07458421385122732
Ménilmontant - Pelleport,0.07442398355293779
Pernety - Raymond Losserand,0.07423885353609869
Porte de la Plaine,0.07409921340129975
Didot - Place de Moro-Giafferi,0.07406038981937653
Ramponeau - Belleville,0.07405603857769066
Bagnolet - Place Saint-Blaise,0.0736939376032385
Arsonval - Falguière,0.07365826443712457
Gare du Nord - Demarquay,0.07327353947946844
Francoeur - Caulaincourt,0.07292881698259727
Chernoviz - Raynouard,0.07268568740826695
Molière - République,0.07256489875098615
Place du Président Salvador Allende,0.07245253938141988
Gare SNCF Vanves-Malakoff,0.07238273493762883
Henri Chevreau - Couronnes,0.07160030268747113
Championnet.,0.07100064642670634
Karl Marx,0.07097527472527473
LCL Campus - Place Oscar Niemeyer,0.07094352693069629
Legendre - Clichy,0.07091768616980995
Louis Xavier de Ricard - Ancienne Mairie,0.07082745187753768
Ney - Porte de Clignancourt,0.07081613847489275
Jourdan - Monticelli,0.07071309366728441
Vignes - Boulainvilliers,0.07063201961456568
Jean Bologne - Passy,0.0703337735851029
Carnot - Général Lanrezac,0.07028253567023741
Saint-Blaise - Mouraud,0.0695339913438224
Bellefond - Maubeuge,0.06935381421471526
Jourdain - Place des Grandes Rigoles,0.06934485273861088
Damrémont - Caulaincourt,0.06899347127912904
Édouard Vaillant - Place Jean Jaurès,0.06876109515651636
Joseph Dijon - Ornano,0.0687310930530926
Piat - Parc de Belleville,0.06873070883445967
Charonne - Philippe-Auguste,0.06851467236158823
Square de la rue Pixérécourt,0.06816552876884194
Marcel Yol - Jullien,0.06803434886024062
Reuilly - Place Felix Eboue,0.0675883832350206
Hôtel de Ville de Fontenay-aux-Roses,0.06752274751642375
Maréchal Leclerc de Hauteclocque - Marché Buzenval,0.0675093563571276
Vitruve - Davout,0.06739942793970119
Gare de l'Est - Chateau Landon,0.0668792701441062
Chastenet de Géry - Marcel Paul,0.06617996317243337
Rochechouart - Martyrs,0.06588234750773901
Botzaris - Crimée,0.06555524895147476
Véron - Lepic,0.0653678540119983
Square Léon,0.06515237593838431
Damrémont - Ordener,0.0648122068386405
Louis Pasteur - Albert Petit,0.06422193462109607
Square d'Anvers,0.06383307403253195
Solitaires - Place des Fêtes,0.06367967088366354
Boulard - Daguerre,0.06293874504894575
Thionville - Ourcq,0.06292575362879033
Place du Maquis du Vercors,0.06288040761546804
Lieutenant Chauré - Etienne Marey,0.06284788827394881
Jules Guesdes - Général de Gaulle,0.06279616445713974
Moulin de Pierre - Abbé Grégoire,0.06254742482868424
Place de Lévis,0.062450626808508054
Béranger - Félix Faure,0.06216301861769729
Roquette - Folie Regnault,0.06206724393443052
Square Louise Michel,0.06189651157663223
Caulaincourt - Place Constantin Pecqueur,0.06187713761099812
Clignancourt - Ordener,0.061746197364899655
Bézout - Général Leclerc,0.061437400412915025
Place François Mitterand,0.06134067996578666
Abbé Carton - Plantes,0.06087730758332847
Parmentier - Hôpital Saint-Louis,0.06086957142494228
Manin - Simon Bolivar,0.06066437955917476
Youri Gagarine - Karl Marx,0.060576967053492484
Place de Rhin et Danube,0.06047260373879392
Faubourg Poissonniere - Delta,0.0604383122669455
Granges aux Belles,0.05985295042381619
Legendre - Nollet,0.05950602709494169
Mairie du 20ème,0.059494507341627804
Dunkerque - Alsace,0.05941400092371859
Dunkerque - Trudaine,0.05913167430029674
Gambetta - Père Lachaise,0.05880269296205066
Cimetière d'Issy-les-Moulineaux,0.058715352673277696
Place Du Général De Gaulle,0.05803920343149081
Boissière - Etienne Dolet,0.05782169750887115
Pyrénées - Dagorno,0.057718546081785296
Edouard Pailleron - Simon Bolivar,0.05755146342016368
Belleville - Télégraphe,0.05708914954253322
Charles Gide - Fort de Bicêtre,0.057087131283517646
Batignolles - Beudant,0.056998015211830025
Sorbier - Ménilmontant,0.05680679677774441
Melun - Jean Jaurès,0.05661062635587312
Mairie du 18ème,0.056430138712767884
Calmette,0.05607090007379805
Pyrénées - Emmery,0.05563218983255214
Charonne - Alexandre Dumas,0.0552117299372474
Mairie de quartier du Plateau - Mont-Valérien,0.05507486631016044
Parmentier - Abel Rabaud,0.05439916730215269
Pereire - Ternes,0.054075115793754604
Ruisseau - Ordener,0.05391422478094965
Emile Blemont - Poteau,0.053868558409877525
18 juin 1940 - Buzenval,0.05379438719181232
Place Jean Delay,0.05365364211735439
Square Simon Bolivar,0.052922323158526345
Navier - Epinettes,0.052708958487597865
Cimetière de Montmartre,0.05254790308348912
Maine - Liancourt,0.05182411163417189
Cimetière de Montrouge,0.05156085708174595
Hôtel de Ville de Chaville,0.05090291892016031
Lucie Aubrac - Fort,0.05081239259395738
Place de la Porte de Châtillon,0.050776264575982714
Verger - Colonel Guichard,0.05062263360970229
Bridaine - Lamandé,0.050438884784320084
Ordener - Poissonniers,0.050106676831762634
Etienne Jodelle - Saint Ouen,0.04971385167171632
Verdier - République,0.049067061563328115
Porte des Lilas - Faidherbe,0.04845703599251099
Jean Bleuzen - Square du 11 Novembre,0.0484354487973382
Parc des Pierrettes,0.0482993953150221
Plantes - Moulin Vert,0.04819583392678076
Mairie du 16ème,0.048126514936692594
Porte de Bagnolet,0.04743963851796551
Vanne - Général de Gaulle,0.04743124974771478
Paul Signac - Aristide Briand,0.0470696017189238
Guy Môquet - Compoint,0.04669920923968125
Pyrénées - Ménilmontant,0.04598090050873527
Parc de Belleville - Julien Lacroix,0.04596332604008218
Charles de Gaulle - Beauté,0.04586122163803104
Tombe Issoire - René Coty,0.044995714544587166
Larmeroux - Baudelaire,0.0444980309932321
Porte de Ménilmontant,0.04437634438335624
Jardin de l'Hospice Debrousse,0.044221489574668434
Place des Droits de l'Enfant,0.04412518138508677
Custine - Ramey,0.043778596622357016
Frères Flavien - Porte des Lilas,0.04360087451525922
Mairie du 19ème,0.04324024972066704
Division Leclerc - Kléber,0.043048206696997465
Mairie de Bagnolet,0.04288048419626541
Henri Barbusse - Gabriel Péri,0.04281960016588783
Sorbier - Gasnier-Guy,0.04220138602056163
Bons Raisins - Voltaire,0.041797893717545574
Romainville - Vaillant-Couturier,0.04144943452076058
Quai de Valmy,0.041015382330361165
Dupont de l'Eure - Gambetta,0.04100456906814575
Gare de Laplace,0.040698652679406484
Saint-Fargeau - Mortier,0.04055395871347548
Square Raymond Souplex,0.03983841797172375
Fontainebleau - Edmond Michelet,0.03917130469898617
Chartres - La Charbonnière,0.038827855321869754
Villiers de l'Isle Adam - Pyrénées,0.03807817459843289
Gare du Nord - Hôpital Lariboisière,0.03694858499648941
Charonne - Bureau,0.03561094867429255
Jeanne Hornet - Girardot,0.03524203643305697
Sadi Carnot - François Mitterrand,0.03507785214111979
Adolphe Pinard - Victor Hugo,0.03478643088620388
Noisy le Sec - Jean-Baptiste Clément,0.03415957501062669
Jonquoy - Didot,0.0336740876920883
Botzaris - Parc des Buttes Chaumont,0.03319689612838492
Pré Saint-Gervais - Lilas,0.03308901458844944
Dantzig - Lefebvre,0.032230641087711016
René Coty - Parc Montsouris,0.03210212909208536
Pierre et Marie Curie - Julien Grimau,0.030699380651326734
Ceinture du Lac Inferieure - Saint-Cloud,0.03056968376761617
Morillons - Dantzig,0.029279484140196828
Faubourg Poissonnière - Dunkerque,0.028872771715633697
Gérando - Rochechouart,0.028828347781186855
Mûriers - Père Lachaise,0.028500992753337968
Gare du Nord - Saint-Vincent de Paul,0.02794081618352175
Lassus - Delouvain,0.026327818378788056
Estienne d'Orves - Henri Ginoux,0.025839420815729566
Jacquier - Didot,0.02573500536890435
Pyrénées - Charles Renouvier,0.024450886873406665
Gergovie - Alésia,0.024202230880200775
Square du Théâtre du Garde-Chasse,0.023577048115283408
Lepic - Armée d'Orient,0.02290942770810425
Gambetta - Saint Fargeau,0.021860645742420227
Indre - Prairies,0.019795721424813898
Belleville - Porte des Lilas,0.018094470336532283
Marcelle - Thalie,0.01798055518659928
Square des Saint-Simoniens,0.017270377204089325
Place du 8 Mai 1945,0.015356020749517512
Place de la Paix - Abbé Saint-Pierre,0.015190633121667602
Serrurier,0.009976311848869117
Cimetière de Fontenay-sous-Bois,0.00944166944166944
Gare de Chaville Rive Gauche,0.002443533478016237
Place Tony de Graaff,0.0
Square Bela Bartok,0.0
Wurtz - Tolbiac,0.0
Lamarck - Saint-Ouen,0.0
Gare d'Austerlitz - Quai Saint-Bernard,0.0
Pablo Picasso - Maurice Thorez,
